image_id,path,sha256,width,height,format,mode,file_size_bytes,blur_variance,mean_luma,dark_pixel_fraction,bright_pixel_fraction,noise_score,bytes_per_pixel,annotation_count,invalid_crop_count,regions,flags
00632,data/data_subset/subset_50_extracted/subset_50/00632.png,f736fd263cb1632630ea2fbaf2a36fa876888198a0762619d500cf21f3820241,1024,1024,PNG,RGB,1266682,306.25058,159.521637,0.014178,0.173265,4.648838,1.208002,11,0,bajo_ojo_ojeras|comisuras_lineas_marioneta|frente|glabela_entrecejo|patas_de_gallo|puente_nasal|surcos_nasogenianos,
01865,data/data_subset/subset_50_extracted/subset_50/01865.png,7504511e0fe97eed154add4accc1e2f7569cac2f672730a3ee60af750ecd562b,1024,1024,PNG,RGB,1379043,45.479126,128.025848,0.00197,0.000113,1.940895,1.315158,12,0,bajo_ojo_ojeras|comisuras_lineas_marioneta|frente|glabela_entrecejo|labio_superior|patas_de_gallo|puente_nasal|surcos_nasogenianos,
02260,data/data_subset/subset_50_extracted/subset_50/02260.png,4a5c53c61f103074d1a4ad3eff7a36d11cca3ce4a9de0206573aaa8bc1ac8b51,1024,1024,PNG,RGB,1693866,618.840454,88.841911,0.191941,1.5e-05,5.98602,1.615396,11,0,bajo_ojo_ojeras|comisuras_lineas_marioneta|frente|glabela_entrecejo|labio_superior|patas_de_gallo|puente_nasal|surcos_nasogenianos,
02913,data/data_subset/subset_50_extracted/subset_50/02913.png,806eeffee897962ea352b243c81671272bcbd2245ab03ea8b1959afac8a54c11,1024,1024,PNG,RGB,1456851,152.1819,125.901245,0.0,0.00023,3.258302,1.389361,11,0,bajo_ojo_ojeras|comisuras_lineas_marioneta|frente|glabela_entrecejo|patas_de_gallo|puente_nasal|surcos_nasogenianos,
04160,data/data_subset/subset_50_extracted/subset_50/04160.png,b40aa33e8f255475ef8d838d81fda3a5b7abf7cb655c6015dd46caa50fa6b0a1,1024,1024,PNG,RGB,1484668,130.44458,110.15361,0.03076,0.001331,3.252127,1.41589,10,0,comisuras_lineas_marioneta|frente|glabela_entrecejo|labio_superior|patas_de_gallo|puente_nasal|surcos_nasogenianos,
07451,data/data_subset/subset_50_extracted/subset_50/07451.png,e112405d7f62bf83d26d99bec3642a67e038d2fe52a30a7cd4f985688b52041b,1024,1024,PNG,RGB,1430722,157.148911,103.12484,0.101433,0.06215,3.632142,1.364443,10,0,bajo_ojo_ojeras|comisuras_lineas_marioneta|frente|glabela_entrecejo|patas_de_gallo|puente_nasal|surcos_nasogenianos,
07864,data/data_subset/subset_50_extracted/subset_50/07864.png,eac1091bde60a422f337f92593c5d71858a5b4a4f3c81cd6147630220e6818e1,1024,1024,PNG,RGB,1666979,514.608887,116.514305,0.054982,0.020004,6.223624,1.589755,11,0,bajo_ojo_ojeras|comisuras_lineas_marioneta|frente|glabela_entrecejo|labio_superior|patas_de_gallo|puente_nasal|surcos_nasogenianos,
08330,data/data_subset/subset_50_extracted/subset_50/08330.png,a8e3f58b8a9aaee89c68e6a621063d6c70c08b4f43c7390888f35fc771bbfa10,1024,1024,PNG,RGB,1457227,105.806961,147.22876,0.000165,0.002391,2.708564,1.38972,12,0,bajo_ojo_ojeras|comisuras_lineas_marioneta|frente|glabela_entrecejo|labio_superior|patas_de_gallo|puente_nasal|surcos_nasogenianos,
09501,data/data_subset/subset_50_extracted/subset_50/09501.png,f38cc36ecade10ccea7dd35a9c57ef750ab1ecf8c214df567d4e4449873ce27a,1024,1024,PNG,RGB,1139164,86.676979,140.11615,0.050886,0.105445,2.694292,1.086391,11,0,bajo_ojo_ojeras|comisuras_lineas_marioneta|frente|glabela_entrecejo|labio_superior|patas_de_gallo|puente_nasal|surcos_nasogenianos,
09632,data/data_subset/subset_50_extracted/subset_50/09632.png,d2dc5808b1ef6912dbd6bbbd58e72b133ad7e61bc7150d11597828717e0e2830,1024,1024,PNG,RGB,1330887,31.701038,156.051804,0.006504,0.04121,1.5902,1.269233,11,0,bajo_ojo_ojeras|comisuras_lineas_marioneta|frente|glabela_entrecejo|labio_superior|patas_de_gallo|puente_nasal|surcos_nasogenianos,
11115,data/data_subset/subset_50_extracted/subset_50/11115.png,0648ccf9d588fd7fb30f0c5777f83b845623b15c3b9751eede0c7a3dd78ccd47,1024,1024,PNG,RGB,1428010,107.326996,119.986938,0.050953,0.01089,3.039403,1.361856,8,0,bajo_ojo_ojeras|comisuras_lineas_marioneta|frente|glabela_entrecejo|patas_de_gallo|puente_nasal|surcos_nasogenianos,
11118,data/data_subset/subset_50_extracted/subset_50/11118.png,a4c4566ef21e9bf472eeb04fd7df6d759aad57a7a6cb710d1b07f79a7b5548ca,1024,1024,PNG,RGB,1642960,124.301498,127.840942,0.017937,0.076744,3.296594,1.566849,12,0,bajo_ojo_ojeras|comisuras_lineas_marioneta|frente|glabela_entrecejo|labio_superior|patas_de_gallo|puente_nasal|surcos_nasogenianos,
12255,data/data_subset/subset_50_extracted/subset_50/12255.png,fa83fc4ad32863892e5a7a81fc95788ef4177fea18d5feb011f808550a1b3ad0,1024,1024,PNG,RGB,1301701,74.033669,140.913574,0.00139,0.000319,2.49459,1.241399,10,0,bajo_ojo_ojeras|comisuras_lineas_marioneta|frente|glabela_entrecejo|patas_de_gallo|puente_nasal|surcos_nasogenianos,
12358,data/data_subset/subset_50_extracted/subset_50/12358.png,09b9cc8da2dab2f8caf60db039aef4c50004e25a04eaa039c69464c077dd0e67,1024,1024,PNG,RGB,972394,72.085396,169.832245,0.057013,0.2541,2.411807,0.927347,10,0,bajo_ojo_ojeras|comisuras_lineas_marioneta|frente|glabela_entrecejo|labio_superior|puente_nasal|surcos_nasogenianos,
12733,data/data_subset/subset_50_extracted/subset_50/12733.png,ee4eea83dd3fc610461a27655e6018f232b210782a888bc26cd9cad081e1dcd8,1024,1024,PNG,RGB,1492698,97.868851,147.160233,0.0,0.057819,2.767398,1.423548,9,0,bajo_ojo_ojeras|comisuras_lineas_marioneta|frente|glabela_entrecejo|labio_superior|patas_de_gallo|surcos_nasogenianos,
12736,data/data_subset/subset_50_extracted/subset_50/12736.png,6a5440cff7315f0233be26de144baad75a4ac2647e0488d7232fa39092bc25e7,1024,1024,PNG,RGB,1101339,156.757446,147.848969,0.155122,0.296232,3.561922,1.050319,12,0,bajo_ojo_ojeras|comisuras_lineas_marioneta|frente|glabela_entrecejo|labio_superior|patas_de_gallo|puente_nasal|surcos_nasogenianos,
13118,data/data_subset/subset_50_extracted/subset_50/13118.png,e599a5f09cabec666185458c8b31557abbbc3a087146b1a319004db601b593e6,1024,1024,PNG,RGB,1281383,95.93737,144.73201,0.000908,3.9e-05,2.513129,1.222022,12,0,bajo_ojo_ojeras|comisuras_lineas_marioneta|frente|glabela_entrecejo|labio_superior|patas_de_gallo|puente_nasal|surcos_nasogenianos,
14747,data/data_subset/subset_50_extracted/subset_50/14747.png,65d9a6cf1f69cd76349466bf4632e19d94ed3759777c42af7584ef8f28a289c8,1024,1024,PNG,RGB,1442627,110.824295,107.345932,0.013973,0.031842,3.021813,1.375796,9,0,bajo_ojo_ojeras|comisuras_lineas_marioneta|frente|glabela_entrecejo|labio_superior|puente_nasal|surcos_nasogenianos,
15429,data/data_subset/subset_50_extracted/subset_50/15429.png,bca3c3cf19ac5f779b442c84a0f56672372d14d27a131c988a35f1dfb2e65271,1024,1024,PNG,RGB,1474476,205.588089,107.990227,0.035719,0.029093,4.145068,1.40617,10,0,bajo_ojo_ojeras|comisuras_lineas_marioneta|frente|glabela_entrecejo|labio_superior|puente_nasal|surcos_nasogenianos,
15506,data/data_subset/subset_50_extracted/subset_50/15506.png,2e3ac4247fb394597048dc4c50d6b14853e2c313e66240ec3dcf7a2272a2118e,1024,1024,PNG,RGB,1532038,143.125824,109.059311,0.051869,0.000121,3.505784,1.461065,10,0,bajo_ojo_ojeras|comisuras_lineas_marioneta|frente|glabela_entrecejo|labio_superior|puente_nasal|surcos_nasogenianos,
15738,data/data_subset/subset_50_extracted/subset_50/15738.png,a378e80591ba54f8c9b5f78cb35febd171b3a84c59db3b6781f550c49163cb9b,1024,1024,PNG,RGB,1378243,80.19976,103.475121,0.013235,1.5e-05,2.614661,1.314395,11,0,bajo_ojo_ojeras|comisuras_lineas_marioneta|frente|glabela_entrecejo|labio_superior|patas_de_gallo|puente_nasal|surcos_nasogenianos,
16056,data/data_subset/subset_50_extracted/subset_50/16056.png,44ba4422a800ca6928d5ff4bfba6e775af64b7b000c777c601f5e75013dc8fce,1024,1024,PNG,RGB,1338106,86.896515,55.535133,0.310972,3.2e-05,2.437739,1.276117,8,0,comisuras_lineas_marioneta|frente|glabela_entrecejo|labio_superior|puente_nasal|surcos_nasogenianos,
16241,data/data_subset/subset_50_extracted/subset_50/16241.png,01f51cab70171e7df4ffb23b5ff7f95020d23022f6eec9a411af9f45baf48262,1024,1024,PNG,RGB,1296355,188.74675,145.998322,3e-06,0.04898,3.661786,1.2363,11,0,bajo_ojo_ojeras|comisuras_lineas_marioneta|frente|glabela_entrecejo|labio_superior|patas_de_gallo|puente_nasal|surcos_nasogenianos,
16427,data/data_subset/subset_50_extracted/subset_50/16427.png,4b7f54b4061a046781205f3604c908017ff07b7fd4979064383b2fbfa0555149,1024,1024,PNG,RGB,1400508,75.501366,100.617119,0.017583,6.1e-05,2.488854,1.335629,12,0,bajo_ojo_ojeras|comisuras_lineas_marioneta|frente|glabela_entrecejo|labio_superior|patas_de_gallo|puente_nasal|surcos_nasogenianos,
19316,data/data_subset/subset_50_extracted/subset_50/19316.png,26d6e2ef655e4f1881e104504ddc28b5c29af3d089dd56d9e3b1367006d765d9,1024,1024,PNG,RGB,987056,23.363831,105.461937,0.134465,1.4e-05,1.390011,0.94133,12,0,bajo_ojo_ojeras|comisuras_lineas_marioneta|frente|glabela_entrecejo|labio_superior|patas_de_gallo|puente_nasal|surcos_nasogenianos,blur
20337,data/data_subset/subset_50_extracted/subset_50/20337.png,0e8b03f2a32ee0fc65028479bab1c60fcf6de0c4aa653b8a96d11582992d6eaf,1024,1024,PNG,RGB,1607335,330.764954,98.660522,0.144146,0.001138,4.713604,1.532874,10,0,bajo_ojo_ojeras|comisuras_lineas_marioneta|frente|glabela_entrecejo|labio_superior|patas_de_gallo|puente_nasal|surcos_nasogenianos,
22460,data/data_subset/subset_50_extracted/subset_50/22460.png,b30d71bd1c745e904b7c55d2fb8e1253a6cc86c106a54a96646ed4e1a0889e0e,1024,1024,PNG,RGB,1372563,82.895134,115.851311,0.000117,0.019651,2.717423,1.308978,11,0,bajo_ojo_ojeras|comisuras_lineas_marioneta|frente|glabela_entrecejo|labio_superior|patas_de_gallo|surcos_nasogenianos,
28553,data/data_subset/subset_50_extracted/subset_50/28553.png,2385620ef28df3f81ebb286fe75755517394a77ad3c53a0c6bf1406eac9865ef,1024,1024,PNG,RGB,1417153,116.939484,165.494324,0.000766,0.001587,2.687591,1.351502,13,0,bajo_ojo_ojeras|comisuras_lineas_marioneta|frente|glabela_entrecejo|labio_superior|patas_de_gallo|puente_nasal|surcos_nasogenianos,
29358,data/data_subset/subset_50_extracted/subset_50/29358.png,a51384be9da8eeb1255db719264e8051d4facc4e4261dd25433be60b651a92fb,1024,1024,PNG,RGB,1512550,203.637741,80.87764,0.233402,0.000627,4.038171,1.44248,11,0,bajo_ojo_ojeras|comisuras_lineas_marioneta|glabela_entrecejo|labio_superior|patas_de_gallo|puente_nasal|surcos_nasogenianos,
31147,data/data_subset/subset_50_extracted/subset_50/31147.png,65eb6d5169faf8a484d4e96277aa62738d1229301c6f8cf09e31ce828a6be14d,1024,1024,PNG,RGB,1243631,59.080982,84.997643,0.264666,0.008569,2.196595,1.186019,10,0,bajo_ojo_ojeras|comisuras_lineas_marioneta|frente|labio_superior|patas_de_gallo|puente_nasal|surcos_nasogenianos,
32892,data/data_subset/subset_50_extracted/subset_50/32892.png,89f9f5ed327611a66559dd02773b6a2c6e8d4abc1dc2f22afea755427de83bfd,1024,1024,PNG,RGB,1378244,135.827072,169.637558,0.000369,0.207444,3.375926,1.314396,12,0,bajo_ojo_ojeras|comisuras_lineas_marioneta|frente|glabela_entrecejo|labio_superior|patas_de_gallo|puente_nasal|surcos_nasogenianos,
34768,data/data_subset/subset_50_extracted/subset_50/34768.png,7d1940337ec63bc52e3b2a9d73643149d373c7ef95feee8b248a0bebef19a088,1024,1024,PNG,RGB,1345675,144.075119,130.216766,0.001616,0.000502,3.101244,1.283336,11,0,bajo_ojo_ojeras|comisuras_lineas_marioneta|glabela_entrecejo|labio_superior|patas_de_gallo|puente_nasal|surcos_nasogenianos,
36898,data/data_subset/subset_50_extracted/subset_50/36898.png,0e927cbd152c5b9b5db96b99a1fd975fd99dcf3283f2f4d866baae2924bc4dc3,1024,1024,PNG,RGB,1417924,175.088089,107.828659,0.061192,1e-05,3.919141,1.352238,11,0,bajo_ojo_ojeras|comisuras_lineas_marioneta|frente|glabela_entrecejo|labio_superior|patas_de_gallo|puente_nasal|surcos_nasogenianos,
37644,data/data_subset/subset_50_extracted/subset_50/37644.png,27a7c8cdf9abb6848753a1a8f1af146fef7737ad28df52626d2a0821ba319fe0,1024,1024,PNG,RGB,1410182,83.69912,97.057884,0.155293,0.001541,2.483013,1.344854,12,0,bajo_ojo_ojeras|comisuras_lineas_marioneta|frente|glabela_entrecejo|labio_superior|patas_de_gallo|puente_nasal|surcos_nasogenianos,
38752,data/data_subset/subset_50_extracted/subset_50/38752.png,41790926e55c37357153d25e45c9dc0f0cf4e83ccfc3db8f7ee4f5ca8dbdbbe1,1024,1024,PNG,RGB,1316707,76.181671,134.642532,0.003141,3.5e-05,2.378712,1.25571,8,0,bajo_ojo_ojeras|comisuras_lineas_marioneta|frente|glabela_entrecejo|labio_superior|patas_de_gallo|surcos_nasogenianos,
39227,data/data_subset/subset_50_extracted/subset_50/39227.png,6bec2adb3415f6c821e48f80084235f8b99a83d3d6fa095864fca93c86b6bfdc,1024,1024,PNG,RGB,1796612,990.074524,98.618866,0.025803,0.00729,8.786901,1.713383,11,0,bajo_ojo_ojeras|comisuras_lineas_marioneta|frente|glabela_entrecejo|labio_superior|patas_de_gallo|puente_nasal|surcos_nasogenianos,
42661,data/data_subset/subset_50_extracted/subset_50/42661.png,6ccb692320c76e289ffb9631697f0a1b75ac13b9ea9dc98a5dcaf4341ddfb552,1024,1024,PNG,RGB,1344029,63.973068,109.517113,0.007482,0.004276,2.318604,1.281766,10,0,bajo_ojo_ojeras|comisuras_lineas_marioneta|frente|glabela_entrecejo|labio_superior|patas_de_gallo|puente_nasal|surcos_nasogenianos,
42700,data/data_subset/subset_50_extracted/subset_50/42700.png,f5fc35e7e2c27b008b1a71f1cab48d34d19b5ecf984d78d99cb217fc65c099f2,1024,1024,PNG,RGB,1253352,103.94812,104.026367,0.107567,0.000156,3.066298,1.19529,10,0,bajo_ojo_ojeras|comisuras_lineas_marioneta|frente|glabela_entrecejo|patas_de_gallo|puente_nasal|surcos_nasogenianos,
43364,data/data_subset/subset_50_extracted/subset_50/43364.png,32411a29e28fd74eaa314d5b5178d77ca01698e856b6d01120125de28d489662,1024,1024,PNG,RGB,1104176,64.038673,63.059452,0.371875,5.7e-05,2.334672,1.053024,11,0,bajo_ojo_ojeras|comisuras_lineas_marioneta|frente|glabela_entrecejo|labio_superior|patas_de_gallo|puente_nasal|surcos_nasogenianos,
44749,data/data_subset/subset_50_extracted/subset_50/44749.png,50b8d232115fd630a84e534e1a9f136d2402be6d167021b70a0bf04ac14f63b6,1024,1024,PNG,RGB,1300103,71.991318,113.526306,0.006065,0.056881,2.53387,1.239875,11,0,bajo_ojo_ojeras|comisuras_lineas_marioneta|frente|glabela_entrecejo|labio_superior|patas_de_gallo|surcos_nasogenianos,
46825,data/data_subset/subset_50_extracted/subset_50/46825.png,5cba541f15ffd1cc4d249732ac8259376290eadf28a39303f9c39c805ca38d54,1024,1024,PNG,RGB,1426706,199.877121,124.174301,0.017282,0.014043,4.023021,1.360613,10,0,bajo_ojo_ojeras|comisuras_lineas_marioneta|frente|glabela_entrecejo|patas_de_gallo|puente_nasal|surcos_nasogenianos,
46840,data/data_subset/subset_50_extracted/subset_50/46840.png,ea3862cf461902bba8e46d91aeef47b414067371c4fad1c4d97b5d7547a3e6a6,1024,1024,PNG,RGB,1553848,230.148499,105.210846,0.121481,0.015018,4.502051,1.481865,10,0,bajo_ojo_ojeras|comisuras_lineas_marioneta|frente|glabela_entrecejo|labio_superior|patas_de_gallo|puente_nasal|surcos_nasogenianos,
48697,data/data_subset/subset_50_extracted/subset_50/48697.png,5ea0e4d7495b7d8973d2b83fed7c7f23d75e8e9f1ef877ac9cbf732da8ad688b,1024,1024,PNG,RGB,1613759,161.835327,85.751709,0.00378,0.001651,3.399569,1.539001,11,0,bajo_ojo_ojeras|comisuras_lineas_marioneta|frente|glabela_entrecejo|labio_superior|patas_de_gallo|puente_nasal|surcos_nasogenianos,
50374,data/data_subset/subset_50_extracted/subset_50/50374.png,c8a2bee7f1dcc3a498e5143a4dceb585e50804ba23f7d3cf25ee73e2a455f6f7,1024,1024,PNG,RGB,1312512,115.006645,106.429375,0.022446,3.6e-05,3.156031,1.251709,9,0,bajo_ojo_ojeras|comisuras_lineas_marioneta|frente|glabela_entrecejo|labio_superior|surcos_nasogenianos,
50987,data/data_subset/subset_50_extracted/subset_50/50987.png,53a8679f4245fc73707363cb07d154fbf4c40533ef664779455066273e6550ef,1024,1024,PNG,RGB,1442824,130.872147,102.340271,0.000865,2.3e-05,3.100427,1.375984,12,0,bajo_ojo_ojeras|comisuras_lineas_marioneta|frente|glabela_entrecejo|labio_superior|patas_de_gallo|puente_nasal|surcos_nasogenianos,
51936,data/data_subset/subset_50_extracted/subset_50/51936.png,54459f42d16663020cbbe49ed691f6b43a5481e1db33dca9379bb915000ab3ef,1024,1024,PNG,RGB,1480067,189.413055,85.310898,0.333753,0.042164,3.897545,1.411502,9,0,bajo_ojo_ojeras|comisuras_lineas_marioneta|frente|glabela_entrecejo|puente_nasal|surcos_nasogenianos,
53983,data/data_subset/subset_50_extracted/subset_50/53983.png,22906441c3f8c177c190bc3f3f7839c9e3a7bdf19f2bcbc80c7a1be86a0f7012,1024,1024,PNG,RGB,919455,51.857025,84.903473,0.020713,0.004198,2.121381,0.876861,12,0,bajo_ojo_ojeras|comisuras_lineas_marioneta|frente|glabela_entrecejo|labio_superior|patas_de_gallo|puente_nasal|surcos_nasogenianos,
57113,data/data_subset/subset_50_extracted/subset_50/57113.png,068f5ecd486883da8676e710ff5b75cbbf2dde562ff4ced0cf051a4f7daffc28,1024,1024,PNG,RGB,1127065,36.292664,132.566528,0.042639,1.5e-05,1.820746,1.074853,9,0,bajo_ojo_ojeras|comisuras_lineas_marioneta|frente|glabela_entrecejo|labio_superior|patas_de_gallo|puente_nasal|surcos_nasogenianos,
58972,data/data_subset/subset_50_extracted/subset_50/58972.png,9df80abd7402eeb98aabb60b61774ab12ca6d8a45582443e404c6e949efcfe1e,1024,1024,PNG,RGB,1158242,49.551868,147.633621,0.082629,0.025573,2.09267,1.104586,11,0,bajo_ojo_ojeras|comisuras_lineas_marioneta|frente|glabela_entrecejo|labio_superior|patas_de_gallo|puente_nasal|surcos_nasogenianos,
63944,data/data_subset/subset_50_extracted/subset_50/63944.png,90a95a412143b344786a3f540049b74d93cb3624b57f9d1028e9dc384c5073ca,1024,1024,PNG,RGB,1493394,75.047516,119.557274,0.100814,0.020025,2.440619,1.424212,9,0,bajo_ojo_ojeras|comisuras_lineas_marioneta|frente|glabela_entrecejo|patas_de_gallo|puente_nasal|surcos_nasogenianos,
64349,data/data_subset/subset_50_extracted/subset_50/64349.png,2df71d6ae8cdd66ac395ff00006b07c569124897cc7ff72bbe17894064db99fb,1024,1024,PNG,RGB,1292295,87.046753,78.840714,0.084654,2.1e-05,2.402986,1.232429,9,0,bajo_ojo_ojeras|comisuras_lineas_marioneta|frente|glabela_entrecejo|puente_nasal|surcos_nasogenianos,
64799,data/data_subset/subset_50_extracted/subset_50/64799.png,61e00b11be465ddb4a90528c16966dbdfb58f4a66c09e4295ad4e75da32ac7ca,1024,1024,PNG,RGB,1163097,75.684341,99.911331,0.153049,0.10204,2.617355,1.109216,9,0,bajo_ojo_ojeras|comisuras_lineas_marioneta|glabela_entrecejo|labio_superior|patas_de_gallo|puente_nasal|surcos_nasogenianos,
64915,data/data_subset/subset_50_extracted/subset_50/64915.png,6ea468780a69aafe7495240c34c892ea3e2ff3be9b939924a53a6fe8607d5871,1024,1024,PNG,RGB,1262757,64.105042,90.842712,0.163302,0.050757,2.304058,1.204259,12,0,bajo_ojo_ojeras|comisuras_lineas_marioneta|frente|glabela_entrecejo|labio_superior|patas_de_gallo|puente_nasal|surcos_nasogenianos,
65409,data/data_subset/subset_50_extracted/subset_50/65409.png,b925b273cbb0192a4fd2994897ae1366035c0e0703f7b7592dbf9da407110b39,1024,1024,PNG,RGB,1518075,113.755386,104.215317,9e-06,0.000199,3.092801,1.447749,9,0,bajo_ojo_ojeras|comisuras_lineas_marioneta|glabela_entrecejo|labio_superior|puente_nasal|surcos_nasogenianos,
66574,data/data_subset/subset_50_extracted/subset_50/66574.png,a00abc3f643e0d8e36da6163a82ded8f21f73d3ae0808ea307dfadf01b0c67de,1024,1024,PNG,RGB,1470106,88.164558,129.612686,0.023305,0.000253,2.511432,1.402002,11,0,bajo_ojo_ojeras|comisuras_lineas_marioneta|frente|glabela_entrecejo|labio_superior|patas_de_gallo|puente_nasal|surcos_nasogenianos,
69963,data/data_subset/subset_50_extracted/subset_50/69963.png,d785c74917bcadc644de1e7a339305a628061f113f97e3649aba41db45e229ea,1024,1024,PNG,RGB,1410393,90.966568,100.595543,0.143994,0.002161,2.934917,1.345056,11,0,bajo_ojo_ojeras|comisuras_lineas_marioneta|glabela_entrecejo|labio_superior|patas_de_gallo|puente_nasal|surcos_nasogenianos,
